{
    "$schema": "http://schema.management.azure.com/schemas/2015-01-01/deploymentTemplate.json#",
    "contentVersion": "1.0.0.0",
    "parameters": {
        "factoryName": {
            "type": "string",
            "metadata": "Data Factory name",
            "defaultValue": "team2datafact"
        },
        "SQLServerOnPrem_connectionString": {
            "type": "secureString",
            "metadata": "Secure string for 'connectionString' of 'SQLServerOnPrem'"
        },
        "AzureDataLakeStorage_accountKey": {
            "type": "secureString",
            "metadata": "Secure string for 'accountKey' of 'AzureDataLakeStorage'"
        },
        "AzureSqlDatabase_connectionString": {
            "type": "secureString",
            "metadata": "Secure string for 'connectionString' of 'AzureSqlDatabase'"
        },
        "CosmosDbNoSql_connectionString": {
            "type": "secureString",
            "metadata": "Secure string for 'connectionString' of 'CosmosDbNoSql'"
        },
        "FileServer1_password": {
            "type": "secureString",
            "metadata": "Secure string for 'password' of 'FileServer1'"
        },
        "AzureDataLakeStorage_properties_typeProperties_url": {
            "type": "string",
            "defaultValue": "https://t2storageacc.dfs.core.windows.net/"
        },
        "FileServer1_properties_typeProperties_host": {
            "type": "string",
            "defaultValue": "\"C:\\Users\\mamar\\Downloads\\gdp.csv\""
        },
        "FileServer1_properties_typeProperties_userId": {
            "type": "string",
            "defaultValue": "mmarchio"
        },
        "containerUri": {
            "type": "string",
            "metadata": "URI to storage account containing linked ARM templates"
        },
        "containerSasToken": {
            "type": "string",
            "metadata": "Sas token to storage account containing linked ARM templates"
        }
    },
    "variables": {
        "factoryId": "[concat('Microsoft.DataFactory/factories/', parameters('factoryName'))]"
    },
    "resources": [
        {
            "name": "team2datafact_ArmTemplate_0",
            "type": "Microsoft.Resources/deployments",
            "apiVersion": "2018-02-01",
            "properties": {
                "mode": "incremental",
                "templateLink": {
                    "uri": "[concat(parameters('containerUri'), '/ArmTemplate_0.json', parameters('containerSasToken'))]",
                    "contentVersion": "1.0.0.0"
                },
                "parameters": {
                    "factoryName": {
                        "value": "[parameters('factoryName')]"
                    },
                    "AzureDataLakeStorage_accountKey": {
                        "value": "[parameters('AzureDataLakeStorage_accountKey')]"
                    },
                    "AzureSqlDatabase_connectionString": {
                        "value": "[parameters('AzureSqlDatabase_connectionString')]"
                    },
                    "CosmosDbNoSql_connectionString": {
                        "value": "[parameters('CosmosDbNoSql_connectionString')]"
                    },
                    "FileServer1_password": {
                        "value": "[parameters('FileServer1_password')]"
                    },
                    "SQLServerOnPrem_connectionString": {
                        "value": "[parameters('SQLServerOnPrem_connectionString')]"
                    },
                    "AzureDataLakeStorage_properties_typeProperties_url": {
                        "value": "[parameters('AzureDataLakeStorage_properties_typeProperties_url')]"
                    },
                    "FileServer1_properties_typeProperties_host": {
                        "value": "[parameters('FileServer1_properties_typeProperties_host')]"
                    },
                    "FileServer1_properties_typeProperties_userId": {
                        "value": "[parameters('FileServer1_properties_typeProperties_userId')]"
                    }
                }
            },
            "dependsOn": []
        },
        {
            "name": "team2datafact_ArmTemplate_1",
            "type": "Microsoft.Resources/deployments",
            "apiVersion": "2018-02-01",
            "properties": {
                "mode": "incremental",
                "templateLink": {
                    "uri": "[concat(parameters('containerUri'), '/ArmTemplate_1.json', parameters('containerSasToken'))]",
                    "contentVersion": "1.0.0.0"
                },
                "parameters": {
                    "factoryName": {
                        "value": "[parameters('factoryName')]"
                    }
                }
            },
            "dependsOn": [
                "[resourceId('Microsoft.Resources/deployments', 'team2datafact_ArmTemplate_0')]"
            ]
        },
        {
            "name": "team2datafact_ArmTemplate_2",
            "type": "Microsoft.Resources/deployments",
            "apiVersion": "2018-02-01",
            "properties": {
                "mode": "incremental",
                "templateLink": {
                    "uri": "[concat(parameters('containerUri'), '/ArmTemplate_2.json', parameters('containerSasToken'))]",
                    "contentVersion": "1.0.0.0"
                },
                "parameters": {
                    "factoryName": {
                        "value": "[parameters('factoryName')]"
                    }
                }
            },
            "dependsOn": [
                "[resourceId('Microsoft.Resources/deployments', 'team2datafact_ArmTemplate_1')]"
            ]
        },
        {
            "name": "team2datafact_ArmTemplate_3",
            "type": "Microsoft.Resources/deployments",
            "apiVersion": "2018-02-01",
            "properties": {
                "mode": "incremental",
                "templateLink": {
                    "uri": "[concat(parameters('containerUri'), '/ArmTemplate_3.json', parameters('containerSasToken'))]",
                    "contentVersion": "1.0.0.0"
                },
                "parameters": {
                    "factoryName": {
                        "value": "[parameters('factoryName')]"
                    }
                }
            },
            "dependsOn": [
                "[resourceId('Microsoft.Resources/deployments', 'team2datafact_ArmTemplate_2')]"
            ]
        }
    ]
}