{
    "$schema": "https://schema.management.azure.com/schemas/2015-01-01/deploymentParameters.json#",
    "contentVersion": "1.0.0.0",
    "parameters": {
        "factoryName": {
            "value": "team2datafact"
        },
        "SQLServerOnPrem_connectionString": {
            "value": ""
        },
        "AzureDataLakeStorage_accountKey": {
            "value": ""
        },
        "AzureSqlDatabase_connectionString": {
            "value": ""
        },
        "CosmosDbNoSql_connectionString": {
            "value": ""
        },
        "FileServer1_password": {
            "value": ""
        },
        "AzureDataLakeStorage_properties_typeProperties_url": {
            "value": "https://t2storageacc.dfs.core.windows.net/"
        },
        "FileServer1_properties_typeProperties_host": {
            "value": "\"C:\\Users\\mamar\\Downloads\\gdp.csv\""
        },
        "FileServer1_properties_typeProperties_userId": {
            "value": "mmarchio"
        },
        "containerUri": {
            "value": ""
        },
        "containerSasToken": {
            "value": ""
        }
    }
}