{
    "$schema": "http://schema.management.azure.com/schemas/2015-01-01/deploymentTemplate.json#",
    "contentVersion": "1.0.0.0",
    "parameters": {
        "factoryName": {
            "type": "string",
            "metadata": "Data Factory name",
            "defaultValue": "team2datafact"
        }
    },
    "variables": {
        "factoryId": "[concat('Microsoft.DataFactory/factories/', parameters('factoryName'))]"
    },
    "resources": [
        {
            "name": "[concat(parameters('factoryName'), '/DelimitedText3')]",
            "type": "Microsoft.DataFactory/factories/datasets",
            "apiVersion": "2018-06-01",
            "properties": {
                "linkedServiceName": {
                    "referenceName": "AzureDataLakeStorage",
                    "type": "LinkedServiceReference"
                },
                "annotations": [],
                "type": "DelimitedText",
                "typeProperties": {
                    "location": {
                        "type": "AzureBlobFSLocation",
                        "fileName": "gdp_df.csv",
                        "fileSystem": "newdata"
                    },
                    "columnDelimiter": ",",
                    "escapeChar": "\\",
                    "firstRowAsHeader": true,
                    "quoteChar": "\""
                },
                "schema": [
                    {
                        "name": "CountryCode",
                        "type": "String"
                    },
                    {
                        "name": "Year",
                        "type": "String"
                    },
                    {
                        "name": "gdpValue",
                        "type": "String"
                    }
                ]
            },
            "dependsOn": []
        },
        {
            "name": "[concat(parameters('factoryName'), '/DelimitedText1')]",
            "type": "Microsoft.DataFactory/factories/datasets",
            "apiVersion": "2018-06-01",
            "properties": {
                "linkedServiceName": {
                    "referenceName": "AzureDataLakeStorage",
                    "type": "LinkedServiceReference"
                },
                "annotations": [],
                "type": "DelimitedText",
                "typeProperties": {
                    "location": {
                        "type": "AzureBlobFSLocation",
                        "fileName": "gdp_df.csv",
                        "fileSystem": "newdata"
                    },
                    "columnDelimiter": ",",
                    "escapeChar": "\\",
                    "firstRowAsHeader": true,
                    "quoteChar": "\""
                },
                "schema": [
                    {
                        "name": "CountryCode",
                        "type": "String"
                    },
                    {
                        "name": "2020",
                        "type": "String"
                    },
                    {
                        "name": "2021",
                        "type": "String"
                    },
                    {
                        "name": "2022",
                        "type": "String"
                    }
                ]
            },
            "dependsOn": []
        },
        {
            "name": "[concat(parameters('factoryName'), '/DelimitedText4')]",
            "type": "Microsoft.DataFactory/factories/datasets",
            "apiVersion": "2018-06-01",
            "properties": {
                "linkedServiceName": {
                    "referenceName": "AzureDataLakeStorage",
                    "type": "LinkedServiceReference"
                },
                "annotations": [],
                "type": "DelimitedText",
                "typeProperties": {
                    "location": {
                        "type": "AzureBlobFSLocation",
                        "fileName": "trade_df.csv",
                        "fileSystem": "newdata"
                    },
                    "columnDelimiter": ",",
                    "escapeChar": "\\",
                    "firstRowAsHeader": true,
                    "quoteChar": "\""
                },
                "schema": [
                    {
                        "name": "CountryCode",
                        "type": "String"
                    },
                    {
                        "name": "Year",
                        "type": "String"
                    },
                    {
                        "name": "tradeValue",
                        "type": "String"
                    }
                ]
            },
            "dependsOn": []
        },
        {
            "name": "[concat(parameters('factoryName'), '/teadeDataParquet2')]",
            "type": "Microsoft.DataFactory/factories/datasets",
            "apiVersion": "2018-06-01",
            "properties": {
                "linkedServiceName": {
                    "referenceName": "AzureDataLakeStorage",
                    "type": "LinkedServiceReference"
                },
                "annotations": [],
                "type": "Parquet",
                "typeProperties": {
                    "location": {
                        "type": "AzureBlobFSLocation",
                        "fileName": "trade.Parquet",
                        "fileSystem": "t2ods"
                    },
                    "compressionCodec": "snappy"
                },
                "schema": [
                    {
                        "name": "ID",
                        "type": "INT32"
                    },
                    {
                        "name": "Updated",
                        "type": "DATE"
                    },
                    {
                        "name": "Confirmed",
                        "type": "INT32"
                    },
                    {
                        "name": "Confirmed_Change",
                        "type": "INT32"
                    },
                    {
                        "name": "CountryCode",
                        "type": "UTF8"
                    },
                    {
                        "name": "UID",
                        "type": "UTF8"
                    }
                ]
            },
            "dependsOn": []
        },
        {
            "name": "[concat(parameters('factoryName'), '/DelimitedText2')]",
            "type": "Microsoft.DataFactory/factories/datasets",
            "apiVersion": "2018-06-01",
            "properties": {
                "linkedServiceName": {
                    "referenceName": "AzureDataLakeStorage",
                    "type": "LinkedServiceReference"
                },
                "annotations": [],
                "type": "DelimitedText",
                "typeProperties": {
                    "location": {
                        "type": "AzureBlobFSLocation",
                        "fileName": "pop_df.csv",
                        "fileSystem": "newdata"
                    },
                    "columnDelimiter": ",",
                    "escapeChar": "\\",
                    "firstRowAsHeader": true,
                    "quoteChar": "\""
                },
                "schema": [
                    {
                        "name": "Country Name",
                        "type": "String"
                    },
                    {
                        "name": "Country Code",
                        "type": "String"
                    },
                    {
                        "name": "Indicator Name",
                        "type": "String"
                    },
                    {
                        "name": "Indicator Code",
                        "type": "String"
                    },
                    {
                        "name": "Year",
                        "type": "String"
                    },
                    {
                        "name": "popValue",
                        "type": "String"
                    }
                ]
            },
            "dependsOn": []
        },
        {
            "name": "[concat(parameters('factoryName'), '/gdpDataParquet2')]",
            "type": "Microsoft.DataFactory/factories/datasets",
            "apiVersion": "2018-06-01",
            "properties": {
                "linkedServiceName": {
                    "referenceName": "AzureDataLakeStorage",
                    "type": "LinkedServiceReference"
                },
                "annotations": [],
                "type": "Parquet",
                "typeProperties": {
                    "location": {
                        "type": "AzureBlobFSLocation",
                        "fileName": "gdp.parquet",
                        "fileSystem": "t2ods"
                    },
                    "compressionCodec": "snappy"
                },
                "schema": [
                    {
                        "name": "ID",
                        "type": "INT32"
                    },
                    {
                        "name": "Updated",
                        "type": "DATE"
                    },
                    {
                        "name": "Confirmed",
                        "type": "INT32"
                    },
                    {
                        "name": "Confirmed_Change",
                        "type": "INT32"
                    },
                    {
                        "name": "CountryCode",
                        "type": "UTF8"
                    },
                    {
                        "name": "UID",
                        "type": "UTF8"
                    }
                ]
            },
            "dependsOn": []
        },
        {
            "name": "[concat(parameters('factoryName'), '/QOLDataParquet')]",
            "type": "Microsoft.DataFactory/factories/datasets",
            "apiVersion": "2018-06-01",
            "properties": {
                "linkedServiceName": {
                    "referenceName": "AzureDataLakeStorage",
                    "type": "LinkedServiceReference"
                },
                "annotations": [],
                "type": "Parquet",
                "typeProperties": {
                    "location": {
                        "type": "AzureBlobFSLocation",
                        "fileSystem": "t2ods"
                    },
                    "compressionCodec": "snappy"
                },
                "schema": [
                    {
                        "name": "ID",
                        "type": "INT32"
                    },
                    {
                        "name": "Updated",
                        "type": "DATE"
                    },
                    {
                        "name": "Confirmed",
                        "type": "INT32"
                    },
                    {
                        "name": "Confirmed_Change",
                        "type": "INT32"
                    },
                    {
                        "name": "CountryCode",
                        "type": "UTF8"
                    },
                    {
                        "name": "UID",
                        "type": "UTF8"
                    }
                ]
            },
            "dependsOn": []
        },
        {
            "name": "[concat(parameters('factoryName'), '/DelimitedText5')]",
            "type": "Microsoft.DataFactory/factories/datasets",
            "apiVersion": "2018-06-01",
            "properties": {
                "linkedServiceName": {
                    "referenceName": "AzureDataLakeStorage",
                    "type": "LinkedServiceReference"
                },
                "annotations": [],
                "type": "DelimitedText",
                "typeProperties": {
                    "location": {
                        "type": "AzureBlobFSLocation",
                        "fileName": "QualityofLife_df.csv",
                        "fileSystem": "newdata"
                    },
                    "columnDelimiter": ",",
                    "escapeChar": "\\",
                    "firstRowAsHeader": true,
                    "quoteChar": "\""
                },
                "schema": [
                    {
                        "name": "Prop_0",
                        "type": "String"
                    },
                    {
                        "name": "Rank",
                        "type": "String"
                    },
                    {
                        "name": "Year",
                        "type": "String"
                    },
                    {
                        "name": "Country",
                        "type": "String"
                    },
                    {
                        "name": "QualityofLife Index",
                        "type": "String"
                    },
                    {
                        "name": "PurchasingPowerIndex",
                        "type": "String"
                    },
                    {
                        "name": "SafetyIndex",
                        "type": "String"
                    },
                    {
                        "name": "HealthCare Index",
                        "type": "String"
                    },
                    {
                        "name": "CostofLivingIndex",
                        "type": "String"
                    },
                    {
                        "name": "PropertyPricetoIncomeRatio",
                        "type": "String"
                    },
                    {
                        "name": "TrafficCommuteTimeIndex",
                        "type": "String"
                    },
                    {
                        "name": "PollutionIndex",
                        "type": "String"
                    },
                    {
                        "name": "ClimateIndex",
                        "type": "String"
                    },
                    {
                        "name": "CountryYearID",
                        "type": "String"
                    }
                ]
            },
            "dependsOn": []
        },
        {
            "name": "[concat(parameters('factoryName'), '/DelimitedText6')]",
            "type": "Microsoft.DataFactory/factories/datasets",
            "apiVersion": "2018-06-01",
            "properties": {
                "linkedServiceName": {
                    "referenceName": "AzureDataLakeStorage",
                    "type": "LinkedServiceReference"
                },
                "annotations": [],
                "type": "DelimitedText",
                "typeProperties": {
                    "location": {
                        "type": "AzureBlobFSLocation",
                        "fileName": "QualityofLife_df.csv",
                        "fileSystem": "newdata"
                    },
                    "columnDelimiter": ",",
                    "escapeChar": "\\",
                    "firstRowAsHeader": true,
                    "quoteChar": "\""
                },
                "schema": [
                    {
                        "name": "Prop_0",
                        "type": "String"
                    },
                    {
                        "name": "Rank",
                        "type": "String"
                    },
                    {
                        "name": "Year",
                        "type": "String"
                    },
                    {
                        "name": "Country",
                        "type": "String"
                    },
                    {
                        "name": "QualityofLife Index",
                        "type": "String"
                    },
                    {
                        "name": "PurchasingPowerIndex",
                        "type": "String"
                    },
                    {
                        "name": "SafetyIndex",
                        "type": "String"
                    },
                    {
                        "name": "HealthCare Index",
                        "type": "String"
                    },
                    {
                        "name": "CostofLivingIndex",
                        "type": "String"
                    },
                    {
                        "name": "PropertyPricetoIncomeRatio",
                        "type": "String"
                    },
                    {
                        "name": "TrafficCommuteTimeIndex",
                        "type": "String"
                    },
                    {
                        "name": "PollutionIndex",
                        "type": "String"
                    },
                    {
                        "name": "ClimateIndex",
                        "type": "String"
                    },
                    {
                        "name": "CountryYearID",
                        "type": "String"
                    }
                ]
            },
            "dependsOn": []
        },
        {
            "name": "[concat(parameters('factoryName'), '/DelimitedText7')]",
            "type": "Microsoft.DataFactory/factories/datasets",
            "apiVersion": "2018-06-01",
            "properties": {
                "linkedServiceName": {
                    "referenceName": "AzureDataLakeStorage",
                    "type": "LinkedServiceReference"
                },
                "annotations": [],
                "type": "DelimitedText",
                "typeProperties": {
                    "location": {
                        "type": "AzureBlobFSLocation",
                        "fileName": "QualityofLife_df.csv",
                        "fileSystem": "newdata"
                    },
                    "columnDelimiter": ",",
                    "escapeChar": "\\",
                    "firstRowAsHeader": true,
                    "quoteChar": "\""
                },
                "schema": [
                    {
                        "name": "Prop_0",
                        "type": "String"
                    },
                    {
                        "name": "Rank",
                        "type": "String"
                    },
                    {
                        "name": "Year",
                        "type": "String"
                    },
                    {
                        "name": "Country",
                        "type": "String"
                    },
                    {
                        "name": "QualityofLife Index",
                        "type": "String"
                    },
                    {
                        "name": "PurchasingPowerIndex",
                        "type": "String"
                    },
                    {
                        "name": "SafetyIndex",
                        "type": "String"
                    },
                    {
                        "name": "HealthCare Index",
                        "type": "String"
                    },
                    {
                        "name": "CostofLivingIndex",
                        "type": "String"
                    },
                    {
                        "name": "PropertyPricetoIncomeRatio",
                        "type": "String"
                    },
                    {
                        "name": "TrafficCommuteTimeIndex",
                        "type": "String"
                    },
                    {
                        "name": "PollutionIndex",
                        "type": "String"
                    },
                    {
                        "name": "ClimateIndex",
                        "type": "String"
                    },
                    {
                        "name": "CountryYearID",
                        "type": "String"
                    }
                ]
            },
            "dependsOn": []
        },
        {
            "name": "[concat(parameters('factoryName'), '/Parquet2')]",
            "type": "Microsoft.DataFactory/factories/datasets",
            "apiVersion": "2018-06-01",
            "properties": {
                "linkedServiceName": {
                    "referenceName": "AzureDataLakeStorage",
                    "type": "LinkedServiceReference"
                },
                "annotations": [],
                "type": "Parquet",
                "typeProperties": {
                    "location": {
                        "type": "AzureBlobFSLocation",
                        "fileName": "QOL.parquet",
                        "fileSystem": "t2ods"
                    },
                    "compressionCodec": "snappy"
                },
                "schema": [
                    {
                        "name": "ID",
                        "type": "INT32"
                    },
                    {
                        "name": "Updated",
                        "type": "DATE"
                    },
                    {
                        "name": "Confirmed",
                        "type": "INT32"
                    },
                    {
                        "name": "Confirmed_Change",
                        "type": "INT32"
                    },
                    {
                        "name": "CountryCode",
                        "type": "UTF8"
                    },
                    {
                        "name": "UID",
                        "type": "UTF8"
                    }
                ]
            },
            "dependsOn": []
        },
        {
            "name": "[concat(parameters('factoryName'), '/QOLParquet2')]",
            "type": "Microsoft.DataFactory/factories/datasets",
            "apiVersion": "2018-06-01",
            "properties": {
                "linkedServiceName": {
                    "referenceName": "AzureDataLakeStorage",
                    "type": "LinkedServiceReference"
                },
                "annotations": [],
                "type": "Parquet",
                "typeProperties": {
                    "location": {
                        "type": "AzureBlobFSLocation",
                        "fileSystem": "t2ods"
                    },
                    "compressionCodec": "snappy"
                },
                "schema": []
            },
            "dependsOn": []
        },
        {
            "name": "[concat(parameters('factoryName'), '/QOLcsv')]",
            "type": "Microsoft.DataFactory/factories/datasets",
            "apiVersion": "2018-06-01",
            "properties": {
                "linkedServiceName": {
                    "referenceName": "AzureDataLakeStorage",
                    "type": "LinkedServiceReference"
                },
                "annotations": [],
                "type": "DelimitedText",
                "typeProperties": {
                    "location": {
                        "type": "AzureBlobFSLocation",
                        "fileName": "QualityofLife_df.csv",
                        "fileSystem": "newdata"
                    },
                    "columnDelimiter": ",",
                    "escapeChar": "\\",
                    "firstRowAsHeader": true,
                    "quoteChar": "\""
                },
                "schema": [
                    {
                        "name": "Prop_0",
                        "type": "String"
                    },
                    {
                        "name": "Rank",
                        "type": "String"
                    },
                    {
                        "name": "Year",
                        "type": "String"
                    },
                    {
                        "name": "Country",
                        "type": "String"
                    },
                    {
                        "name": "QualityofLife Index",
                        "type": "String"
                    },
                    {
                        "name": "PurchasingPowerIndex",
                        "type": "String"
                    },
                    {
                        "name": "SafetyIndex",
                        "type": "String"
                    },
                    {
                        "name": "HealthCare Index",
                        "type": "String"
                    },
                    {
                        "name": "CostofLivingIndex",
                        "type": "String"
                    },
                    {
                        "name": "PropertyPricetoIncomeRatio",
                        "type": "String"
                    },
                    {
                        "name": "TrafficCommuteTimeIndex",
                        "type": "String"
                    },
                    {
                        "name": "PollutionIndex",
                        "type": "String"
                    },
                    {
                        "name": "ClimateIndex",
                        "type": "String"
                    },
                    {
                        "name": "CountryYearID",
                        "type": "String"
                    }
                ]
            },
            "dependsOn": []
        },
        {
            "name": "[concat(parameters('factoryName'), '/QOLDatacsv')]",
            "type": "Microsoft.DataFactory/factories/datasets",
            "apiVersion": "2018-06-01",
            "properties": {
                "linkedServiceName": {
                    "referenceName": "AzureDataLakeStorage",
                    "type": "LinkedServiceReference"
                },
                "annotations": [],
                "type": "DelimitedText",
                "typeProperties": {
                    "location": {
                        "type": "AzureBlobFSLocation",
                        "fileName": "QualityofLife_df.csv",
                        "fileSystem": "newdata"
                    },
                    "columnDelimiter": ",",
                    "escapeChar": "\\",
                    "firstRowAsHeader": true,
                    "quoteChar": "\""
                },
                "schema": [
                    {
                        "name": "Year",
                        "type": "String"
                    },
                    {
                        "name": "Country",
                        "type": "String"
                    },
                    {
                        "name": "QualityofLifeIndex",
                        "type": "String"
                    },
                    {
                        "name": "PurchasingPowerIndex",
                        "type": "String"
                    },
                    {
                        "name": "SafetyIndex",
                        "type": "String"
                    },
                    {
                        "name": "HealthCareIndex",
                        "type": "String"
                    },
                    {
                        "name": "CostofLivingIndex",
                        "type": "String"
                    },
                    {
                        "name": "PropertyPricetoIncomeRatio",
                        "type": "String"
                    },
                    {
                        "name": "TrafficCommuteTimeIndex",
                        "type": "String"
                    },
                    {
                        "name": "PollutionIndex",
                        "type": "String"
                    },
                    {
                        "name": "ClimateIndex",
                        "type": "String"
                    },
                    {
                        "name": "CountryYearID",
                        "type": "String"
                    }
                ]
            },
            "dependsOn": []
        },
        {
            "name": "[concat(parameters('factoryName'), '/QOLParquet')]",
            "type": "Microsoft.DataFactory/factories/datasets",
            "apiVersion": "2018-06-01",
            "properties": {
                "linkedServiceName": {
                    "referenceName": "AzureDataLakeStorage",
                    "type": "LinkedServiceReference"
                },
                "annotations": [],
                "type": "Parquet",
                "typeProperties": {
                    "location": {
                        "type": "AzureBlobFSLocation",
                        "fileSystem": "t2ods"
                    },
                    "compressionCodec": "snappy"
                },
                "schema": [
                    {
                        "name": "ID",
                        "type": "INT32"
                    },
                    {
                        "name": "Updated",
                        "type": "DATE"
                    },
                    {
                        "name": "Confirmed",
                        "type": "INT32"
                    },
                    {
                        "name": "Confirmed_Change",
                        "type": "INT32"
                    },
                    {
                        "name": "CountryCode",
                        "type": "UTF8"
                    },
                    {
                        "name": "UID",
                        "type": "UTF8"
                    }
                ]
            },
            "dependsOn": []
        },
        {
            "name": "[concat(parameters('factoryName'), '/mobilityParquet2')]",
            "type": "Microsoft.DataFactory/factories/datasets",
            "apiVersion": "2018-06-01",
            "properties": {
                "linkedServiceName": {
                    "referenceName": "AzureDataLakeStorage",
                    "type": "LinkedServiceReference"
                },
                "annotations": [],
                "type": "Parquet",
                "typeProperties": {
                    "location": {
                        "type": "AzureBlobFSLocation",
                        "fileSystem": "t2ods"
                    },
                    "compressionCodec": "snappy"
                },
                "schema": [
                    {
                        "name": "Year",
                        "type": "UTF8"
                    },
                    {
                        "name": "Country",
                        "type": "UTF8"
                    },
                    {
                        "name": "QualityofLifeIndex",
                        "type": "UTF8"
                    },
                    {
                        "name": "PurchasingPowerIndex",
                        "type": "UTF8"
                    },
                    {
                        "name": "SafetyIndex",
                        "type": "UTF8"
                    },
                    {
                        "name": "HealthCareIndex",
                        "type": "UTF8"
                    },
                    {
                        "name": "CostofLivingIndex",
                        "type": "UTF8"
                    },
                    {
                        "name": "PropertyPricetoIncomeRatio",
                        "type": "UTF8"
                    },
                    {
                        "name": "TrafficCommuteTimeIndex",
                        "type": "UTF8"
                    },
                    {
                        "name": "PollutionIndex",
                        "type": "UTF8"
                    },
                    {
                        "name": "ClimateIndex",
                        "type": "UTF8"
                    },
                    {
                        "name": "CountryYearID",
                        "type": "UTF8"
                    }
                ]
            },
            "dependsOn": []
        },
        {
            "name": "[concat(parameters('factoryName'), '/mobility2csv')]",
            "type": "Microsoft.DataFactory/factories/datasets",
            "apiVersion": "2018-06-01",
            "properties": {
                "linkedServiceName": {
                    "referenceName": "AzureDataLakeStorage",
                    "type": "LinkedServiceReference"
                },
                "annotations": [],
                "type": "DelimitedText",
                "typeProperties": {
                    "location": {
                        "type": "AzureBlobFSLocation",
                        "fileName": "mobility_df.csv",
                        "fileSystem": "newdata"
                    },
                    "columnDelimiter": ",",
                    "escapeChar": "\\",
                    "firstRowAsHeader": true,
                    "quoteChar": "\""
                },
                "schema": [
                    {
                        "name": "country_region_code",
                        "type": "String"
                    },
                    {
                        "name": "country_region",
                        "type": "String"
                    },
                    {
                        "name": "date",
                        "type": "String"
                    },
                    {
                        "name": "retail_and_recreation_percent_change_from_baseline",
                        "type": "String"
                    },
                    {
                        "name": "grocery_and_pharmacy_percent_change_from_baseline",
                        "type": "String"
                    },
                    {
                        "name": "parks_percent_change_from_baseline",
                        "type": "String"
                    },
                    {
                        "name": "transit_stations_percent_change_from_baseline",
                        "type": "String"
                    },
                    {
                        "name": "workplaces_percent_change_from_baseline",
                        "type": "String"
                    },
                    {
                        "name": "residential_percent_change_from_baseline",
                        "type": "String"
                    },
                    {
                        "name": "CountryYearID",
                        "type": "String"
                    }
                ]
            },
            "dependsOn": []
        },
        {
            "name": "[concat(parameters('factoryName'), '/COVID_POP')]",
            "type": "Microsoft.DataFactory/factories/datasets",
            "apiVersion": "2018-06-01",
            "properties": {
                "linkedServiceName": {
                    "referenceName": "AzureDataLakeStorage",
                    "type": "LinkedServiceReference"
                },
                "annotations": [],
                "type": "DelimitedText",
                "typeProperties": {
                    "location": {
                        "type": "AzureBlobFSLocation",
                        "fileName": "covid_pop_data_raw.csv",
                        "fileSystem": "newdata"
                    },
                    "columnDelimiter": ",",
                    "escapeChar": "\\",
                    "firstRowAsHeader": true,
                    "quoteChar": "\""
                },
                "schema": [
                    {
                        "name": "iso_code",
                        "type": "String"
                    },
                    {
                        "name": "continent",
                        "type": "String"
                    },
                    {
                        "name": "location",
                        "type": "String"
                    },
                    {
                        "name": "date",
                        "type": "String"
                    },
                    {
                        "name": "total_cases",
                        "type": "String"
                    },
                    {
                        "name": "new_cases",
                        "type": "String"
                    },
                    {
                        "name": "total_deaths",
                        "type": "String"
                    },
                    {
                        "name": "new_deaths",
                        "type": "String"
                    },
                    {
                        "name": "total_cases_per_million",
                        "type": "String"
                    },
                    {
                        "name": "new_cases_per_million",
                        "type": "String"
                    },
                    {
                        "name": "total_deaths_per_million",
                        "type": "String"
                    },
                    {
                        "name": "new_deaths_per_million",
                        "type": "String"
                    },
                    {
                        "name": "new_vaccinations_smoothed",
                        "type": "String"
                    },
                    {
                        "name": "median_age",
                        "type": "String"
                    },
                    {
                        "name": "gdp_per_capita",
                        "type": "String"
                    },
                    {
                        "name": "hospital_beds_per_thousand",
                        "type": "String"
                    },
                    {
                        "name": "human_development_index",
                        "type": "String"
                    },
                    {
                        "name": "population",
                        "type": "String"
                    },
                    {
                        "name": "date_time_format",
                        "type": "String"
                    }
                ]
            },
            "dependsOn": []
        },
        {
            "name": "[concat(parameters('factoryName'), '/COVID_POP_Parquet')]",
            "type": "Microsoft.DataFactory/factories/datasets",
            "apiVersion": "2018-06-01",
            "properties": {
                "linkedServiceName": {
                    "referenceName": "AzureDataLakeStorage",
                    "type": "LinkedServiceReference"
                },
                "annotations": [],
                "type": "Parquet",
                "typeProperties": {
                    "location": {
                        "type": "AzureBlobFSLocation",
                        "fileName": "covidPOP.parquet",
                        "fileSystem": "t2ods"
                    },
                    "compressionCodec": "snappy"
                },
                "schema": [
                    {
                        "name": "Year",
                        "type": "UTF8"
                    },
                    {
                        "name": "Country",
                        "type": "UTF8"
                    },
                    {
                        "name": "QualityofLifeIndex",
                        "type": "UTF8"
                    },
                    {
                        "name": "PurchasingPowerIndex",
                        "type": "UTF8"
                    },
                    {
                        "name": "SafetyIndex",
                        "type": "UTF8"
                    },
                    {
                        "name": "HealthCareIndex",
                        "type": "UTF8"
                    },
                    {
                        "name": "CostofLivingIndex",
                        "type": "UTF8"
                    },
                    {
                        "name": "PropertyPricetoIncomeRatio",
                        "type": "UTF8"
                    },
                    {
                        "name": "TrafficCommuteTimeIndex",
                        "type": "UTF8"
                    },
                    {
                        "name": "PollutionIndex",
                        "type": "UTF8"
                    },
                    {
                        "name": "ClimateIndex",
                        "type": "UTF8"
                    },
                    {
                        "name": "CountryYearID",
                        "type": "UTF8"
                    }
                ]
            },
            "dependsOn": []
        },
        {
            "name": "[concat(parameters('factoryName'), '/VMxAzure_')]",
            "type": "Microsoft.DataFactory/factories/dataflows",
            "apiVersion": "2018-06-01",
            "properties": {
                "type": "MappingDataFlow",
                "typeProperties": {
                    "sources": [
                        {
                            "dataset": {
                                "referenceName": "SQLdbMetricsParquet",
                                "type": "DatasetReference"
                            },
                            "name": "sqldbmetrics"
                        },
                        {
                            "dataset": {
                                "referenceName": "SQLServerMetricsParquet",
                                "type": "DatasetReference"
                            },
                            "name": "VMmetrics"
                        },
                        {
                            "dataset": {
                                "referenceName": "CosmosDBPolicyParquet",
                                "type": "DatasetReference"
                            },
                            "name": "CosmosPolicy"
                        },
                        {
                            "dataset": {
                                "referenceName": "SQLdbCountryParquet",
                                "type": "DatasetReference"
                            },
                            "name": "sqldbCountry"
                        },
                        {
                            "dataset": {
                                "referenceName": "SQLdbDateParquet",
                                "type": "DatasetReference"
                            },
                            "name": "sqlDates"
                        }
                    ],
                    "sinks": [
                        {
                            "dataset": {
                                "referenceName": "policiesParquet",
                                "type": "DatasetReference"
                            },
                            "name": "policySink"
                        },
                        {
                            "dataset": {
                                "referenceName": "datesParquet",
                                "type": "DatasetReference"
                            },
                            "name": "dateSink"
                        },
                        {
                            "dataset": {
                                "referenceName": "confirmedParquet",
                                "type": "DatasetReference"
                            },
                            "name": "casesSink"
                        },
                        {
                            "dataset": {
                                "referenceName": "deathsParquet",
                                "type": "DatasetReference"
                            },
                            "name": "deathsSink"
                        },
                        {
                            "dataset": {
                                "referenceName": "recoveriesParquet",
                                "type": "DatasetReference"
                            },
                            "name": "recoveriesSink"
                        },
                        {
                            "dataset": {
                                "referenceName": "countriesParquet",
                                "type": "DatasetReference"
                            },
                            "name": "countrySink"
                        }
                    ],
                    "transformations": [
                        {
                            "name": "union1"
                        },
                        {
                            "name": "policySelect"
                        },
                        {
                            "name": "casesSelect"
                        },
                        {
                            "name": "recoveriesSelect"
                        },
                        {
                            "name": "deathsSelect"
                        },
                        {
                            "name": "countrySelect"
                        },
                        {
                            "name": "dateSelect"
                        },
                        {
                            "name": "DervieDateColumn"
                        },
                        {
                            "name": "UIDpolicy"
                        },
                        {
                            "name": "UIDcases"
                        },
                        {
                            "name": "UIDrecoveries"
                        },
                        {
                            "name": "UIDdeaths"
                        }
                    ],
                    "scriptLines": [
                        "source(output(",
                        "          ID as integer,",
                        "          Updated as date,",
                        "          Confirmed as integer,",
                        "          Confirmed_Change as integer,",
                        "          Deaths as integer,",
                        "          Deaths_Change as integer,",
                        "          Recovered as integer,",
                        "          Recovered_Change as integer,",
                        "          Latitude as decimal(10,5),",
                        "          Longitude as decimal(10,5),",
                        "          ISO2 as string,",
                        "          ISO3 as string,",
                        "          Country_Region as string,",
                        "          load_time as timestamp",
                        "     ),",
                        "     allowSchemaDrift: true,",
                        "     validateSchema: false,",
                        "     ignoreNoFilesFound: false,",
                        "     format: 'parquet') ~> sqldbmetrics",
                        "source(output(",
                        "          ID as integer,",
                        "          Updated as date,",
                        "          Confirmed as integer,",
                        "          Confirmed_Change as integer,",
                        "          Deaths as integer,",
                        "          Deaths_Change as integer,",
                        "          Recovered as integer,",
                        "          Recovered_Change as integer,",
                        "          Latitude as decimal(10,5),",
                        "          Longitude as decimal(10,5),",
                        "          ISO2 as string,",
                        "          ISO3 as string,",
                        "          Country_Region as string,",
                        "          load_time as timestamp",
                        "     ),",
                        "     allowSchemaDrift: true,",
                        "     validateSchema: false,",
                        "     ignoreNoFilesFound: false,",
                        "     format: 'parquet') ~> VMmetrics",
                        "source(output(",
                        "          CountryName as string,",
                        "          CountryCode as string,",
                        "          RegionName as string,",
                        "          RegionCode as string,",
                        "          Jurisdiction as string,",
                        "          Date as string,",
                        "          C1_School_Closing as double,",
                        "          C1_Flag as double,",
                        "          C2_Workplace_Closing as double,",
                        "          C2_Flag as double,",
                        "          C3_Cancel_Public_Events as double,",
                        "          C3_Flag as double,",
                        "          C4_Restrictions_On_Gatherings as double,",
                        "          C4_Flag as double,",
                        "          C5_Close_Public_Transport as double,",
                        "          C5_Flag as double,",
                        "          C6_Stay_At_Home_Requirements as double,",
                        "          C6_Flag as double,",
                        "          C7_Restrictions_On_Internal_Movement as double,",
                        "          C7_Flag as double,",
                        "          C8_International_Travel_Controls as double,",
                        "          E1_Income_Support as double,",
                        "          E1_Flag as double,",
                        "          E2_Debt_Contract_Relief as double,",
                        "          E3_Fiscal_Measures as double,",
                        "          E4_International_Support as double,",
                        "          H1_Public_Information_Campaigns as double,",
                        "          H1_Flag as double,",
                        "          H2_Testing_Policy as double,",
                        "          H3_Contact_Tracing as double,",
                        "          H4_Emergency_Investment_in_Healthcare as double,",
                        "          H5_Investment_in_Vaccines as double,",
                        "          H6_Facial_Coverings as long,",
                        "          H6_Flag as double,",
                        "          H7_Vaccination_Policy as double,",
                        "          H7_Flag as double,",
                        "          H8_Protection_of_Elderly_People as double,",
                        "          H8_Flag as double,",
                        "          M1_Wildcard as double,",
                        "          StringencyIndex as double,",
                        "          StringencyIndexForDisplay as double,",
                        "          StringencyLegacyIndex as double,",
                        "          StringencyLegacyIndexForDisplay as double,",
                        "          GovernmentResponseIndex as double,",
                        "          GovernmentResponseIndexForDisplay as double,",
                        "          ContainmentHealthIndex as double,",
                        "          ContainmentHealthIndexForDisplay as double,",
                        "          EconomicSupportIndex as double,",
                        "          EconomicSupportIndexForDisplay as double,",
                        "          id as string,",
                        "          rid as string,",
                        "          self as string,",
                        "          etag as string,",
                        "          attachments as string,",
                        "          ts as string",
                        "     ),",
                        "     allowSchemaDrift: true,",
                        "     validateSchema: false,",
                        "     ignoreNoFilesFound: false,",
                        "     format: 'parquet') ~> CosmosPolicy",
                        "source(output(",
                        "          Country as string,",
                        "          CountryCode as string,",
                        "          Latitude as decimal(10,5),",
                        "          Longitude as decimal(10,5)",
                        "     ),",
                        "     allowSchemaDrift: true,",
                        "     validateSchema: false,",
                        "     ignoreNoFilesFound: false,",
                        "     format: 'parquet') ~> sqldbCountry",
                        "source(output(",
                        "          DateKey as integer,",
                        "          FullDate as date,",
                        "          isWeekDay as boolean,",
                        "          DayOfWeek as integer,",
                        "          DayOfMonth as integer,",
                        "          DayOfQuarter as integer,",
                        "          DayOfYear as integer,",
                        "          DayName as string,",
                        "          WeekOfYear as integer,",
                        "          WeekName as string,",
                        "          MonthOfYear as integer,",
                        "          MonthName as string,",
                        "          CalendarQuarter as integer,",
                        "          CalendarQuarterName as string,",
                        "          CalendarYear as integer,",
                        "          FiscalMonth as integer,",
                        "          FiscalMonthName as string,",
                        "          FiscalQuarter as integer,",
                        "          FiscalQuarterName as string,",
                        "          FiscalYear as integer",
                        "     ),",
                        "     allowSchemaDrift: true,",
                        "     validateSchema: false,",
                        "     ignoreNoFilesFound: false,",
                        "     format: 'parquet') ~> sqlDates",
                        "sqldbmetrics, VMmetrics union(byName: true)~> union1",
                        "CosmosPolicy select(mapColumn(",
                        "          each(match(/* All input columns */true()),",
                        "               /* Input name */$$ = $$)",
                        "     ),",
                        "     skipDuplicateMapInputs: true,",
                        "     skipDuplicateMapOutputs: true) ~> policySelect",
                        "union1 select(mapColumn(",
                        "          ID,",
                        "          Updated,",
                        "          Confirmed,",
                        "          Confirmed_Change,",
                        "          CountryCode = ISO3",
                        "     ),",
                        "     skipDuplicateMapInputs: true,",
                        "     skipDuplicateMapOutputs: true) ~> casesSelect",
                        "union1 select(mapColumn(",
                        "          ID,",
                        "          Updated,",
                        "          Recovered,",
                        "          Recovered_Change,",
                        "          CountryCode = ISO3",
                        "     ),",
                        "     skipDuplicateMapInputs: true,",
                        "     skipDuplicateMapOutputs: true) ~> recoveriesSelect",
                        "union1 select(mapColumn(",
                        "          ID,",
                        "          Updated,",
                        "          Deaths,",
                        "          Deaths_Change,",
                        "          CountryCode = ISO3",
                        "     ),",
                        "     skipDuplicateMapInputs: true,",
                        "     skipDuplicateMapOutputs: true) ~> deathsSelect",
                        "sqldbCountry select(mapColumn(",
                        "          Country,",
                        "          CountryCode,",
                        "          Latitude,",
                        "          Longitude",
                        "     ),",
                        "     skipDuplicateMapInputs: true,",
                        "     skipDuplicateMapOutputs: true) ~> countrySelect",
                        "sqlDates select(mapColumn(",
                        "          DateKey,",
                        "          FullDate,",
                        "          isWeekDay,",
                        "          DayOfWeek,",
                        "          DayOfMonth,",
                        "          DayOfQuarter,",
                        "          DayOfYear,",
                        "          DayName,",
                        "          WeekOfYear,",
                        "          WeekName,",
                        "          MonthOfYear,",
                        "          MonthName,",
                        "          CalendarQuarter,",
                        "          CalendarQuarterName,",
                        "          CalendarYear,",
                        "          FiscalMonth,",
                        "          FiscalMonthName,",
                        "          FiscalQuarter,",
                        "          FiscalQuarterName,",
                        "          FiscalYear",
                        "     ),",
                        "     skipDuplicateMapInputs: true,",
                        "     skipDuplicateMapOutputs: true) ~> dateSelect",
                        "policySelect derive(Date = toDate(toTimestamp(Date, 'MM/dd/yyyy HH:mm:ss'))) ~> DervieDateColumn",
                        "DervieDateColumn derive(UID = concat(CountryCode, toString(Date))) ~> UIDpolicy",
                        "casesSelect derive(UID = concat(CountryCode, toString(Updated))) ~> UIDcases",
                        "recoveriesSelect derive(UID = concat(CountryCode, toString(Updated))) ~> UIDrecoveries",
                        "deathsSelect derive(UID = concat(CountryCode, toString(Updated))) ~> UIDdeaths",
                        "UIDpolicy sink(allowSchemaDrift: true,",
                        "     validateSchema: false,",
                        "     format: 'parquet',",
                        "     partitionFileNames:['policies.parquet'],",
                        "     umask: 0022,",
                        "     preCommands: [],",
                        "     postCommands: [],",
                        "     skipDuplicateMapInputs: true,",
                        "     skipDuplicateMapOutputs: true,",
                        "     partitionBy('hash', 1)) ~> policySink",
                        "dateSelect sink(allowSchemaDrift: true,",
                        "     validateSchema: false,",
                        "     format: 'parquet',",
                        "     partitionFileNames:['dates.parquet'],",
                        "     umask: 0022,",
                        "     preCommands: [],",
                        "     postCommands: [],",
                        "     skipDuplicateMapInputs: true,",
                        "     skipDuplicateMapOutputs: true,",
                        "     partitionBy('hash', 1)) ~> dateSink",
                        "UIDcases sink(allowSchemaDrift: true,",
                        "     validateSchema: false,",
                        "     format: 'parquet',",
                        "     partitionFileNames:['confirmed.parquet'],",
                        "     umask: 0022,",
                        "     preCommands: [],",
                        "     postCommands: [],",
                        "     skipDuplicateMapInputs: true,",
                        "     skipDuplicateMapOutputs: true,",
                        "     partitionBy('hash', 1)) ~> casesSink",
                        "UIDdeaths sink(allowSchemaDrift: true,",
                        "     validateSchema: false,",
                        "     format: 'parquet',",
                        "     partitionFileNames:['deaths.parquet'],",
                        "     umask: 0022,",
                        "     preCommands: [],",
                        "     postCommands: [],",
                        "     skipDuplicateMapInputs: true,",
                        "     skipDuplicateMapOutputs: true,",
                        "     partitionBy('hash', 1)) ~> deathsSink",
                        "UIDrecoveries sink(allowSchemaDrift: true,",
                        "     validateSchema: false,",
                        "     format: 'parquet',",
                        "     partitionFileNames:['recoveries.parquet'],",
                        "     umask: 0022,",
                        "     preCommands: [],",
                        "     postCommands: [],",
                        "     skipDuplicateMapInputs: true,",
                        "     skipDuplicateMapOutputs: true,",
                        "     partitionBy('hash', 1)) ~> recoveriesSink",
                        "countrySelect sink(allowSchemaDrift: true,",
                        "     validateSchema: false,",
                        "     format: 'parquet',",
                        "     partitionFileNames:['countries.parquet'],",
                        "     umask: 0022,",
                        "     preCommands: [],",
                        "     postCommands: [],",
                        "     skipDuplicateMapInputs: true,",
                        "     skipDuplicateMapOutputs: true,",
                        "     partitionBy('hash', 1)) ~> countrySink"
                    ]
                }
            },
            "dependsOn": []
        }
    ]
}